Timestamp,Name,generation,cotton,wool,linen,polyester,nylon,Gender
11/15/2023 1:19:01,Zalak,Gen Z (11 - 26),10,4,4,2,6,Female
11/15/2023 1:28:38,Abhay Mukul,Gen Z (11 - 26),5,1,1,0,0,Male
11/15/2023 1:29:27,Nevela Nav,Gen Z (11 - 26),4,0,0,0,0,Male
11/15/2023 1:32:00,Ajay Kumar,Gen X (43 - 58),4,2,4,0,0,Male
11/15/2023 1:36:28,Bhavana Gupta,Gen X (43 - 58),5,2,0,0,2,Female
11/15/2023 1:42:31,Nevual Gogri,Millenials (27 - 42),20,5,2,0,4,Male
11/15/2023 1:44:48,Ria Bhide ,Gen Z (11 - 26),10,3,5,1,1,Female
11/15/2023 6:42:26,Heena Gogri ,Gen X (43 - 58),10,3,5,0,0,Female
11/15/2023 7:12:24,Ayan,Gen Z (11 - 26),20,2,5,9,7,Male
11/15/2023 7:41:06,Sakshi Ingale,Gen Z (11 - 26),11,3,5,6,1,Female
11/15/2023 7:50:51,Riya Savala ,Gen Z (11 - 26),10,5,10,1,3,Female
11/15/2023 9:09:46,Deep Lalwani,Gen Z (11 - 26),8,2,2,1,1,Male
11/15/2023 9:17:14,Pankti,Millenials (27 - 42),15,0,3,0,1,Female
11/15/2023 9:17:33,Prateet Bheda ,Gen Z (11 - 26),7,4,8,0,6,Male
11/15/2023 9:29:30,Parita Ghorpade ,Gen X (43 - 58),10,0,3,0,0,Female
11/15/2023 9:30:12,Jiys,Gen Z (11 - 26),3,0,2,3,0,Female
11/15/2023 9:30:47,Jigna Shah ,Gen X (43 - 58),10,0,5,0,0,Female
11/15/2023 9:32:49,Mahek Shah,Gen Z (11 - 26),7,1,0,5,0,Female
11/15/2023 9:38:52,Linishya ,Gen Z (11 - 26),20,10,6,10,3,Female
11/15/2023 9:39:36,Brayzen Gogri,Gen X (43 - 58),6,3,2,2,1,Male
11/15/2023 9:40:30,Palash pawar,Millenials (27 - 42),25,2,8,0,0,Male
11/15/2023 9:40:32,Sunil bafna ,Millenials (27 - 42),10,0,2,0,1,Male
11/15/2023 9:44:19,Saumya,Gen Z (11 - 26),7,0,7,4,0,Female
11/15/2023 9:45:40,Sangram,Gen X (43 - 58),4,0,0,1,0,Male
11/15/2023 9:48:16,Vanraj vikam ,Gen X (43 - 58),3,1,1,0,0,Male
11/15/2023 9:50:52,Monika,Millenials (27 - 42),15,0,0,0,0,Female
11/15/2023 9:56:23,Neev Shethia ,Gen Z (11 - 26),5,0,5,5,0,Male
11/15/2023 9:58:53,Ujjwala ,Millenials (27 - 42),3,1,0,2,0,Female
11/15/2023 9:59:25,Vijay Kulkarni ,Millenials (27 - 42),18,03,01,04,00,Male
11/15/2023 10:04:20,Sargam  vikam ,Gen X (43 - 58),2,0,1,1,0,Male
11/15/2023 10:05:10,PANKAJ S,Gen X (43 - 58),4,0,1,1,0,Male
11/15/2023 10:05:48,Nishant Chheda,Gen X (43 - 58),15,0,6,0,0,Male
11/15/2023 10:10:12,Javerchand Gala ,Boomers (58 and above),6,0,2,0,0,Male
11/15/2023 10:11:15,Dolar Shah ,Millenials (27 - 42),10,0,2,0,0,Female
11/15/2023 10:16:14,Reena ,Gen X (43 - 58),8,8,4,4,0,Female
11/15/2023 10:16:37,Deepa ,Gen X (43 - 58),6,1,5,1,1,Female
11/15/2023 10:17:50,Princy ,Gen X (43 - 58),15,0,2,0,0,Female
11/15/2023 10:19:58,Krish,Gen Z (11 - 26),15,1,3,1,0,Male
11/15/2023 10:22:48,Vanita ,Gen X (43 - 58),3,1,3,0,0,Female
11/15/2023 10:25:01,Khushi Shah,Gen Z (11 - 26),10,1,4,1,0,Female
11/15/2023 10:27:08,Hiten ,Boomers (58 and above),0,00,00,00,00,Male
11/15/2023 10:29:08,Siddharth,Gen Z (11 - 26),4,0,2,3,0,Male
11/15/2023 10:33:59,Ranveer Patil ,Gen Z (11 - 26),2,1,10,0,0,Male
11/15/2023 10:37:29,Kedar Bhadule ,Gen X (43 - 58),4,1,2,0,0,Male
11/15/2023 10:38:47,Shweta Gogri,Millenials (27 - 42),10,2,3,2,1,Female
11/15/2023 10:41:21,Gautami ,Gen X (43 - 58),4,3,2,51,1,Female
11/15/2023 10:43:08,Nirvi Gogri,Gen Z (11 - 26),5,4,2,1,2,Female
11/15/2023 11:09:14,Ajay Shah ,Gen X (43 - 58),4,1,1,0,0,Male
11/15/2023 11:23:49,Dipak Ghorpade,Gen X (43 - 58),5,1,0,0,0,Male
11/15/2023 11:28:36,Viren Savala ,Gen X (43 - 58),20,0,0,10,2,Male
11/15/2023 11:29:19,Nirali Savala ,Millenials (27 - 42),5,0,0,2,1,Female
11/15/2023 11:34:43,Aryaa ,Gen Z (11 - 26),20,3,3,5,2,Female
11/15/2023 11:39:06,Sharad Patil,Gen X (43 - 58),2,00,00,1,00,Male
11/15/2023 11:46:17,Leena Chougule ,Gen X (43 - 58),50,0,0,0,12,Female
11/15/2023 11:59:02,Hilori,Millenials (27 - 42),20,5,10,5,5,Female
11/15/2023 12:00:28,Bharati Gautam Gala,Gen X (43 - 58),5,2,55,5,6,Female
11/15/2023 12:07:00,Shubhankar ,Gen Z (11 - 26),10,0,2,3,1,Male
11/15/2023 13:11:29,Jayana rambhia ,Gen Z (11 - 26),5,0,0,0,0,Female
11/15/2023 13:23:14,Ronak,Gen Z (11 - 26),14,1,0,3,0,Male
11/15/2023 13:25:34,Aditi Sharma ,Gen Z (11 - 26),27,20,10,4,0,Female
11/15/2023 13:30:15,Naina ,Gen Z (11 - 26),5,2,0,0,3,Female
11/15/2023 13:45:56,Milli Gala,Gen X (43 - 58),5,1,0,0,0,Female
11/15/2023 13:47:16,Mahika Joshi  ,Gen Z (11 - 26),10,5,1,2,1,Female
11/15/2023 13:48:16,Burhanuddin Contractor ,Gen Z (11 - 26),10,4,5,2,0,Male
11/15/2023 13:51:17,Deepa Jinesh Shah,Gen X (43 - 58),15,0,4,1,0,Female
11/15/2023 14:01:04,Tanishka ,Gen Z (11 - 26),4,0,0,0,1,Female
11/15/2023 14:16:39,Rutika Lalwani,Gen X (43 - 58),8,1,1,2,0,Female
11/15/2023 14:41:46,Purvi Shah ,Gen X (43 - 58),5,0,0,2,0,Female
11/15/2023 14:43:23,Jinit,Gen Z (11 - 26),12,6,4,2,0,Male
11/15/2023 15:02:01,Jigna,Gen X (43 - 58),2,0,2,2,0,Female
11/15/2023 15:03:50,riddhi,Gen Z (11 - 26),7,1,10,6,3,Female
11/15/2023 15:15:50,Vedant ,Gen Z (11 - 26),4,3,2,7,2,Male
11/15/2023 15:16:20,Anish Hushare,Gen Z (11 - 26),15,20,8,16,1,Male
11/15/2023 15:25:46,Priyanka Sharma,Millenials (27 - 42),25,14,6,8,4,Female
11/15/2023 15:37:57,Monika ,Millenials (27 - 42),10,3,6,1,1,Female
11/15/2023 15:46:38,Palak dedhia,Gen Z (11 - 26),10,3,0,1,2,Female
11/15/2023 15:46:48,Deepa ,Gen X (43 - 58),20,10,19,5,7,Female
11/15/2023 15:47:08,Shilpa Dedhia ,Gen X (43 - 58),20,0,0,0,0,Female
11/15/2023 15:58:17,Sangeeta Verma,Gen X (43 - 58),8,3,2,0,1,Female
11/15/2023 16:12:40,Neha Karve ,Gen Z (11 - 26),16,9,14,4,0,Female
11/15/2023 17:12:38,Gautham J Gala ,Gen X (43 - 58),04,0,0,0,0,Male
11/15/2023 17:12:47,Nehali shethia,Gen X (43 - 58),30,0,10,20,0,Female
11/15/2023 19:03:50,Manya Atri,Gen Z (11 - 26),25,4,3,2,1,Female
11/15/2023 19:17:50,Shaina ,Gen Z (11 - 26),25,13,6,5,2,Female
11/15/2023 19:47:02,Sangita Pant ,Gen X (43 - 58),10,0,0,8,4,Female
11/15/2023 21:23:45,jiya jain,Gen Z (11 - 26),12,2,17,6,0,Female
11/15/2023 21:54:29,Tanay Vikam,Gen Z (11 - 26),20,10,5,3,0,Male
11/15/2023 22:27:12,Aashi Agarwal,Gen Z (11 - 26),30,10,29,5,4,Female
11/15/2023 22:28:04,Pawani Agarwal,Gen Z (11 - 26),5,51,12,16,8,Female